timestamp,readingtime,temperature,humidity,pressure,altitude,temperature status,humidity status,pressure status
1638212428508,00:00:28 2021/11/30,21.49,51.37,954.1,504.49,NORMAL,NORMAL,NORMAL
1638212488514,00:01:28 2021/11/30,21.48,51.23,954.08,504.75,NORMAL,NORMAL,NORMAL
1638212548526,00:02:28 2021/11/30,21.48,51.39,954.07,504.8,NORMAL,NORMAL,NORMAL
1638212608529,00:03:28 2021/11/30,21.48,51.38,954.08,504.67,NORMAL,NORMAL,NORMAL
1638212668549,00:04:28 2021/11/30,21.47,51.52,954.06,504.92,NORMAL,NORMAL,NORMAL
1638212728548,00:05:28 2021/11/30,21.47,51.38,954.07,504.79,NORMAL,NORMAL,NORMAL
1638212788555,00:06:28 2021/11/30,21.48,51.61,954.04,505.03,NORMAL,NORMAL,NORMAL
1638212848556,00:07:28 2021/11/30,21.48,51.35,954.06,504.9,NORMAL,NORMAL,NORMAL
1638212908583,00:08:28 2021/11/30,21.46,51.56,954.06,504.86,NORMAL,NORMAL,NORMAL
1638212968573,00:09:28 2021/11/30,21.46,51.48,954.04,505.04,NORMAL,NORMAL,NORMAL
1638213028589,00:10:28 2021/11/30,21.46,51.25,954.06,504.84,NORMAL,NORMAL,NORMAL
1638213088595,00:11:28 2021/11/30,21.46,51.48,954.02,505.2,NORMAL,NORMAL,NORMAL
1638213148595,00:12:28 2021/11/30,21.47,51.46,954.04,505.04,NORMAL,NORMAL,NORMAL
1638213208603,00:13:28 2021/11/30,21.47,51.51,954.01,505.35,NORMAL,NORMAL,NORMAL
1638213268600,00:14:28 2021/11/30,21.46,51.44,954.01,505.36,NORMAL,NORMAL,NORMAL
1638213328607,00:15:28 2021/11/30,21.46,51.56,953.96,505.74,NORMAL,NORMAL,NORMAL
1638213388614,00:16:28 2021/11/30,21.46,51.5,953.98,505.61,NORMAL,NORMAL,NORMAL
1638213448623,00:17:28 2021/11/30,21.47,51.39,954,505.38,NORMAL,NORMAL,NORMAL
1638213508526,00:18:28 2021/11/30,21.47,51.21,953.96,505.72,NORMAL,NORMAL,NORMAL
1638213568635,00:19:28 2021/11/30,21.46,51.56,953.95,505.84,NORMAL,NORMAL,NORMAL
1638213628540,00:20:28 2021/11/30,21.46,51.37,953.89,506.33,NORMAL,NORMAL,NORMAL
1638213688548,00:21:28 2021/11/30,21.46,51.45,953.91,506.18,NORMAL,NORMAL,NORMAL
1638213748554,00:22:28 2021/11/30,21.45,51.37,953.89,506.37,NORMAL,NORMAL,NORMAL
1638213808561,00:23:28 2021/11/30,21.45,51.64,953.84,506.81,NORMAL,NORMAL,NORMAL
1638213868566,00:24:28 2021/11/30,21.46,51.31,953.84,506.76,NORMAL,NORMAL,NORMAL
1638213928581,00:25:28 2021/11/30,21.45,51.58,953.82,507.06,NORMAL,NORMAL,NORMAL
1638213988589,00:26:28 2021/11/30,21.44,51.62,953.86,506.63,NORMAL,NORMAL,NORMAL
1638214048587,00:27:28 2021/11/30,21.45,51.69,953.82,507.02,NORMAL,NORMAL,NORMAL
1638214108592,00:28:28 2021/11/30,21.45,51.55,953.79,507.23,NORMAL,NORMAL,NORMAL
1638214168599,00:29:28 2021/11/30,21.44,51.61,953.82,506.96,NORMAL,NORMAL,NORMAL
1638214228607,00:30:28 2021/11/30,21.44,51.48,953.79,507.21,NORMAL,NORMAL,NORMAL
1638214288625,00:31:28 2021/11/30,21.44,51.37,953.83,506.87,NORMAL,NORMAL,NORMAL
1638214348632,00:32:28 2021/11/30,21.44,51.42,953.8,507.14,NORMAL,NORMAL,NORMAL
1638214408649,00:33:28 2021/11/30,21.44,51.36,953.81,507.06,NORMAL,NORMAL,NORMAL
1638214468633,00:34:28 2021/11/30,21.44,51.42,953.77,507.38,NORMAL,NORMAL,NORMAL
1638214528638,00:35:28 2021/11/30,21.44,51.36,953.76,507.49,NORMAL,NORMAL,NORMAL
1638214588646,00:36:28 2021/11/30,21.43,51.56,953.75,507.61,NORMAL,NORMAL,NORMAL
1638214648652,00:37:28 2021/11/30,21.43,51.53,953.7,508.06,NORMAL,NORMAL,NORMAL
1638214708661,00:38:28 2021/11/30,21.43,51.43,953.73,507.75,NORMAL,NORMAL,NORMAL
1638214768669,00:39:28 2021/11/30,21.43,51.49,953.71,507.93,NORMAL,NORMAL,NORMAL
1638214828675,00:40:28 2021/11/30,21.42,51.5,953.72,507.82,NORMAL,NORMAL,NORMAL
1638214888679,00:41:28 2021/11/30,21.43,51.61,953.7,508.01,NORMAL,NORMAL,NORMAL
1638214948687,00:42:28 2021/11/30,21.42,51.52,953.7,508.01,NORMAL,NORMAL,NORMAL
1638215008696,00:43:28 2021/11/30,21.42,51.53,953.7,508.01,NORMAL,NORMAL,NORMAL
1638215068700,00:44:28 2021/11/30,21.42,51.33,953.7,508.01,NORMAL,NORMAL,NORMAL
1638215128812,00:45:28 2021/11/30,21.42,51.4,953.68,508.18,NORMAL,NORMAL,NORMAL
1638215188838,00:46:28 2021/11/30,21.42,51.21,953.74,507.65,NORMAL,NORMAL,NORMAL
1638215248821,00:47:28 2021/11/30,21.42,51.49,953.71,507.95,NORMAL,NORMAL,NORMAL
1638215308724,00:48:28 2021/11/30,21.42,51.51,953.77,507.41,NORMAL,NORMAL,NORMAL
1638215368734,00:49:28 2021/11/30,21.41,51.44,953.77,507.45,NORMAL,NORMAL,NORMAL
1638215428737,00:50:28 2021/11/30,21.41,51.43,953.79,507.27,NORMAL,NORMAL,NORMAL
1638215488744,00:51:28 2021/11/30,21.41,51.45,953.78,507.43,NORMAL,NORMAL,NORMAL
1638215548763,00:52:28 2021/11/30,21.41,51.63,953.81,507.09,NORMAL,NORMAL,NORMAL
1638215608765,00:53:28 2021/11/30,21.41,51.46,953.8,507.18,NORMAL,NORMAL,NORMAL
1638215668787,00:54:28 2021/11/30,21.41,51.37,953.82,507,NORMAL,NORMAL,NORMAL
1638215728770,00:55:28 2021/11/30,21.41,51.39,953.81,507.05,NORMAL,NORMAL,NORMAL
1638215788798,00:56:28 2021/11/30,21.4,51.36,953.82,506.99,NORMAL,NORMAL,NORMAL
1638215848783,00:57:28 2021/11/30,21.4,51.41,953.85,506.75,NORMAL,NORMAL,NORMAL
1638215908790,00:58:28 2021/11/30,21.41,51.71,953.87,506.52,NORMAL,NORMAL,NORMAL
1638215968796,00:59:28 2021/11/30,21.4,51.54,953.81,507.07,NORMAL,NORMAL,NORMAL
1638216028803,01:00:28 2021/11/30,21.41,51.53,953.88,506.49,NORMAL,NORMAL,NORMAL
1638216088810,01:01:28 2021/11/30,21.4,51.44,953.89,506.33,NORMAL,NORMAL,NORMAL
1638216148816,01:02:28 2021/11/30,21.4,51.56,953.92,506.13,NORMAL,NORMAL,NORMAL
1638216208823,01:03:28 2021/11/30,21.4,51.47,953.92,506.11,NORMAL,NORMAL,NORMAL
1638216268829,01:04:28 2021/11/30,21.4,51.44,953.91,506.17,NORMAL,NORMAL,NORMAL
1638216328836,01:05:28 2021/11/30,21.4,51.49,953.91,506.16,NORMAL,NORMAL,NORMAL
1638216388847,01:06:28 2021/11/30,21.4,51.48,953.92,506.07,NORMAL,NORMAL,NORMAL
1638216448850,01:07:28 2021/11/30,21.4,51.46,953.89,506.38,NORMAL,NORMAL,NORMAL
1638216508856,01:08:28 2021/11/30,21.39,51.44,953.88,506.42,NORMAL,NORMAL,NORMAL
1638216568862,01:09:28 2021/11/30,21.39,51.49,953.9,506.27,NORMAL,NORMAL,NORMAL
1638216628869,01:10:28 2021/11/30,21.4,51.57,953.92,506.13,NORMAL,NORMAL,NORMAL
1638216688876,01:11:28 2021/11/30,21.39,51.48,953.89,506.39,NORMAL,NORMAL,NORMAL
1638216748882,01:12:28 2021/11/30,21.39,51.42,953.9,506.35,NORMAL,NORMAL,NORMAL
1638216808905,01:13:28 2021/11/30,21.39,51.61,953.9,506.28,NORMAL,NORMAL,NORMAL
1638216868894,01:14:28 2021/11/30,21.39,51.57,953.91,506.22,NORMAL,NORMAL,NORMAL
1638216929007,01:15:29 2021/11/30,21.38,51.56,953.87,506.54,NORMAL,NORMAL,NORMAL
1638216988913,01:16:28 2021/11/30,21.38,51.7,953.88,506.46,NORMAL,NORMAL,NORMAL
1638217048936,01:17:28 2021/11/30,21.38,51.7,953.87,506.5,NORMAL,NORMAL,NORMAL
1638217108921,01:18:28 2021/11/30,21.38,51.42,953.86,506.61,NORMAL,NORMAL,NORMAL
1638217168927,01:19:28 2021/11/30,21.38,51.69,953.85,506.71,NORMAL,NORMAL,NORMAL
1638217228934,01:20:28 2021/11/30,21.38,51.55,953.87,506.55,NORMAL,NORMAL,NORMAL
1638217288941,01:21:28 2021/11/30,21.38,51.57,953.88,506.48,NORMAL,NORMAL,NORMAL
1638217348948,01:22:28 2021/11/30,21.38,51.44,953.9,506.3,NORMAL,NORMAL,NORMAL
1638217408959,01:23:28 2021/11/30,21.38,51.5,953.91,506.22,NORMAL,NORMAL,NORMAL
1638217468962,01:24:28 2021/11/30,21.37,51.5,953.9,506.26,NORMAL,NORMAL,NORMAL
1638217528970,01:25:28 2021/11/30,21.38,51.55,953.92,506.13,NORMAL,NORMAL,NORMAL
1638217588975,01:26:28 2021/11/30,21.37,51.5,953.9,506.28,NORMAL,NORMAL,NORMAL
1638217648982,01:27:28 2021/11/30,21.38,51.51,953.91,506.21,NORMAL,NORMAL,NORMAL
1638217708987,01:28:28 2021/11/30,21.37,51.44,953.9,506.24,NORMAL,NORMAL,NORMAL
1638217768994,01:29:28 2021/11/30,21.37,51.66,953.93,506.03,NORMAL,NORMAL,NORMAL
1638217829006,01:30:29 2021/11/30,21.37,51.56,953.88,506.44,NORMAL,NORMAL,NORMAL
1638217889008,01:31:29 2021/11/30,21.37,51.67,953.91,506.22,NORMAL,NORMAL,NORMAL
1638217949015,01:32:29 2021/11/30,21.37,51.42,953.95,505.84,NORMAL,NORMAL,NORMAL
1638218009022,01:33:29 2021/11/30,21.36,51.52,953.96,505.74,NORMAL,NORMAL,NORMAL
1638218069031,01:34:29 2021/11/30,21.35,51.4,953.92,506.12,NORMAL,NORMAL,NORMAL
1638218129035,01:35:29 2021/11/30,21.36,51.52,953.96,505.76,NORMAL,NORMAL,NORMAL
1638218189042,01:36:29 2021/11/30,21.35,51.6,953.95,505.86,NORMAL,NORMAL,NORMAL
1638218249065,01:37:29 2021/11/30,21.36,51.75,953.96,505.79,NORMAL,NORMAL,NORMAL
1638218309055,01:38:29 2021/11/30,21.36,51.45,953.99,505.51,NORMAL,NORMAL,NORMAL
1638218369079,01:39:29 2021/11/30,21.35,51.59,953.97,505.67,NORMAL,NORMAL,NORMAL
1638218429067,01:40:29 2021/11/30,21.36,51.73,953.99,505.53,NORMAL,NORMAL,NORMAL
1638218489075,01:41:29 2021/11/30,21.36,51.53,953.99,505.45,NORMAL,NORMAL,NORMAL
1638218549080,01:42:29 2021/11/30,21.36,51.43,954,505.38,NORMAL,NORMAL,NORMAL
1638218609087,01:43:29 2021/11/30,21.34,51.63,953.96,505.79,NORMAL,NORMAL,NORMAL
1638218669096,01:44:29 2021/11/30,21.34,51.67,953.98,505.6,NORMAL,NORMAL,NORMAL
1638218729102,01:45:29 2021/11/30,21.35,51.62,954.03,505.16,NORMAL,NORMAL,NORMAL
1638218789108,01:46:29 2021/11/30,21.35,51.5,953.98,505.57,NORMAL,NORMAL,NORMAL
1638218849111,01:47:29 2021/11/30,21.35,51.68,953.97,505.69,NORMAL,NORMAL,NORMAL
1638218909122,01:48:29 2021/11/30,21.35,51.5,954,505.43,NORMAL,NORMAL,NORMAL
1638218969125,01:49:29 2021/11/30,21.35,51.47,953.98,505.55,NORMAL,NORMAL,NORMAL
1638219029131,01:50:29 2021/11/30,21.35,51.58,953.99,505.48,NORMAL,NORMAL,NORMAL
1638219089138,01:51:29 2021/11/30,21.34,51.64,953.98,505.62,NORMAL,NORMAL,NORMAL
1638219149144,01:52:29 2021/11/30,21.34,51.48,953.98,505.58,NORMAL,NORMAL,NORMAL
1638219209159,01:53:29 2021/11/30,21.34,51.51,954,505.37,NORMAL,NORMAL,NORMAL
1638219269158,01:54:29 2021/11/30,21.34,51.48,953.99,505.52,NORMAL,NORMAL,NORMAL
1638219329167,01:55:29 2021/11/30,21.34,51.57,953.97,505.68,NORMAL,NORMAL,NORMAL
1638219389188,01:56:29 2021/11/30,21.34,51.59,954,505.39,NORMAL,NORMAL,NORMAL
1638219449096,01:57:29 2021/11/30,21.34,51.58,953.97,505.65,NORMAL,NORMAL,NORMAL
1638219509089,01:58:29 2021/11/30,21.34,51.55,953.94,505.92,NORMAL,NORMAL,NORMAL
1638219569102,01:59:29 2021/11/30,21.33,51.51,953.95,505.85,NORMAL,NORMAL,NORMAL
1638219629107,02:00:29 2021/11/30,21.32,51.53,953.89,506.37,NORMAL,NORMAL,NORMAL
1638219689102,02:01:29 2021/11/30,21.32,51.56,953.91,506.21,NORMAL,NORMAL,NORMAL
1638219749111,02:02:29 2021/11/30,21.33,51.55,953.87,506.58,NORMAL,NORMAL,NORMAL
1638219809115,02:03:29 2021/11/30,21.32,51.47,953.9,506.3,NORMAL,NORMAL,NORMAL
1638219869121,02:04:29 2021/11/30,21.32,51.64,953.85,506.72,NORMAL,NORMAL,NORMAL
1638219929316,02:05:29 2021/11/30,21.32,51.45,953.85,506.69,NORMAL,NORMAL,NORMAL
1638219989135,02:06:29 2021/11/30,21.32,51.47,953.85,506.73,NORMAL,NORMAL,NORMAL
1638220049141,02:07:29 2021/11/30,21.32,51.54,953.83,506.86,NORMAL,NORMAL,NORMAL
1638220109149,02:08:29 2021/11/30,21.32,51.5,953.83,506.92,NORMAL,NORMAL,NORMAL
1638220169157,02:09:29 2021/11/30,21.31,51.52,953.85,506.69,NORMAL,NORMAL,NORMAL
1638220229161,02:10:29 2021/11/30,21.31,51.48,953.82,506.94,NORMAL,NORMAL,NORMAL
1638220289174,02:11:29 2021/11/30,21.32,51.55,953.82,506.96,NORMAL,NORMAL,NORMAL
1638220349174,02:12:29 2021/11/30,21.32,51.69,953.85,506.71,NORMAL,NORMAL,NORMAL
1638220409187,02:13:29 2021/11/30,21.31,51.42,953.82,506.96,NORMAL,NORMAL,NORMAL
1638220469194,02:14:29 2021/11/30,21.31,51.36,953.84,506.8,NORMAL,NORMAL,NORMAL
1638220529194,02:15:29 2021/11/30,21.31,51.65,953.82,506.97,NORMAL,NORMAL,NORMAL
1638220589201,02:16:29 2021/11/30,21.3,51.55,953.8,507.13,NORMAL,NORMAL,NORMAL
1638220649207,02:17:29 2021/11/30,21.3,51.59,953.8,507.15,NORMAL,NORMAL,NORMAL
1638220709225,02:18:29 2021/11/30,21.3,51.59,953.79,507.26,NORMAL,NORMAL,NORMAL
1638220769220,02:19:29 2021/11/30,21.29,51.65,953.8,507.17,NORMAL,NORMAL,NORMAL
1638220829234,02:20:29 2021/11/30,21.3,51.67,953.77,507.38,NORMAL,NORMAL,NORMAL
1638220889242,02:21:29 2021/11/30,21.3,51.58,953.8,507.17,NORMAL,NORMAL,NORMAL
1638220949241,02:22:29 2021/11/30,21.29,51.56,953.8,507.14,NORMAL,NORMAL,NORMAL
1638221009256,02:23:29 2021/11/30,21.3,51.76,953.83,506.93,NORMAL,NORMAL,NORMAL
1638221069254,02:24:29 2021/11/30,21.3,51.66,953.79,507.28,NORMAL,NORMAL,NORMAL
1638221129260,02:25:29 2021/11/30,21.29,51.67,953.79,507.22,NORMAL,NORMAL,NORMAL
1638221189266,02:26:29 2021/11/30,21.29,51.61,953.83,506.93,NORMAL,NORMAL,NORMAL
1638221249274,02:27:29 2021/11/30,21.29,51.49,953.81,507.1,NORMAL,NORMAL,NORMAL
1638221309280,02:28:29 2021/11/30,21.28,51.5,953.78,507.3,NORMAL,NORMAL,NORMAL
1638221369290,02:29:29 2021/11/30,21.28,51.59,953.79,507.23,NORMAL,NORMAL,NORMAL
1638221429395,02:30:29 2021/11/30,21.27,51.7,953.76,507.54,NORMAL,NORMAL,NORMAL
1638221489404,02:31:29 2021/11/30,21.27,51.49,953.8,507.17,NORMAL,NORMAL,NORMAL
1638221549306,02:32:29 2021/11/30,21.28,51.61,953.75,507.57,NORMAL,NORMAL,NORMAL
1638221609313,02:33:29 2021/11/30,21.28,51.55,953.79,507.27,NORMAL,NORMAL,NORMAL
1638221669319,02:34:29 2021/11/30,21.27,51.52,953.76,507.47,NORMAL,NORMAL,NORMAL
1638221729331,02:35:29 2021/11/30,21.27,51.71,953.76,507.47,NORMAL,NORMAL,NORMAL
1638221789388,02:36:29 2021/11/30,21.28,51.37,953.78,507.31,NORMAL,NORMAL,NORMAL
1638221849340,02:37:29 2021/11/30,21.27,51.52,953.74,507.66,NORMAL,NORMAL,NORMAL
1638221909354,02:38:29 2021/11/30,21.27,51.53,953.79,507.24,NORMAL,NORMAL,NORMAL
1638221969353,02:39:29 2021/11/30,21.26,51.7,953.74,507.65,NORMAL,NORMAL,NORMAL
1638222029366,02:40:29 2021/11/30,21.27,51.74,953.76,507.49,NORMAL,NORMAL,NORMAL
1638222089367,02:41:29 2021/11/30,21.26,51.57,953.76,507.53,NORMAL,NORMAL,NORMAL
1638222149388,02:42:29 2021/11/30,21.26,51.55,953.77,507.41,NORMAL,NORMAL,NORMAL
1638222209383,02:43:29 2021/11/30,21.26,51.58,953.75,507.63,NORMAL,NORMAL,NORMAL
1638222269393,02:44:29 2021/11/30,21.26,51.66,953.72,507.82,NORMAL,NORMAL,NORMAL
1638222329404,02:45:29 2021/11/30,21.26,51.57,953.71,507.93,NORMAL,NORMAL,NORMAL
1638222389412,02:46:29 2021/11/30,21.25,51.73,953.69,508.16,NORMAL,NORMAL,NORMAL
1638222449406,02:47:29 2021/11/30,21.24,51.65,953.7,508.06,NORMAL,NORMAL,NORMAL
1638222509412,02:48:29 2021/11/30,21.24,51.65,953.68,508.24,NORMAL,NORMAL,NORMAL
1638222569419,02:49:29 2021/11/30,21.24,51.56,953.71,507.91,NORMAL,NORMAL,NORMAL
1638222629425,02:50:29 2021/11/30,21.24,51.56,953.67,508.31,NORMAL,NORMAL,NORMAL
1638222689435,02:51:29 2021/11/30,21.25,51.6,953.66,508.38,NORMAL,NORMAL,NORMAL
1638222749439,02:52:29 2021/11/30,21.24,51.61,953.64,508.56,NORMAL,NORMAL,NORMAL
1638222809446,02:53:29 2021/11/30,21.24,51.56,953.64,508.56,NORMAL,NORMAL,NORMAL
1638222869457,02:54:29 2021/11/30,21.24,51.49,953.65,508.5,NORMAL,NORMAL,NORMAL
1638222931416,02:55:31 2021/11/30,21.24,51.58,953.64,508.54,NORMAL,NORMAL,NORMAL
1638222989467,02:56:29 2021/11/30,21.24,51.67,953.64,508.59,NORMAL,NORMAL,NORMAL
1638223049475,02:57:29 2021/11/30,21.24,51.56,953.59,508.96,NORMAL,NORMAL,NORMAL
1638223109480,02:58:29 2021/11/30,21.23,51.49,953.57,509.21,NORMAL,NORMAL,NORMAL
1638223169486,02:59:29 2021/11/30,21.24,51.62,953.57,509.17,NORMAL,NORMAL,NORMAL
1638223229509,03:00:29 2021/11/30,21.23,51.71,953.55,509.32,NORMAL,NORMAL,NORMAL
1638223289500,03:01:29 2021/11/30,21.23,51.65,953.5,509.73,NORMAL,NORMAL,NORMAL
1638223349513,03:02:29 2021/11/30,21.23,51.4,953.52,509.58,NORMAL,NORMAL,NORMAL
1638223409526,03:03:29 2021/11/30,21.23,51.59,953.52,509.58,NORMAL,NORMAL,NORMAL
1638223469530,03:04:29 2021/11/30,21.22,51.67,953.49,509.82,NORMAL,NORMAL,NORMAL
1638223529526,03:05:29 2021/11/30,21.22,51.56,953.47,510.03,NORMAL,NORMAL,NORMAL
1638223589548,03:06:29 2021/11/30,21.22,51.6,953.47,510.01,NORMAL,NORMAL,NORMAL
1638223649539,03:07:29 2021/11/30,21.21,51.57,953.44,510.3,NORMAL,NORMAL,NORMAL
1638223709562,03:08:29 2021/11/30,21.22,51.55,953.39,510.7,NORMAL,NORMAL,NORMAL
1638223769552,03:09:29 2021/11/30,21.22,51.54,953.39,510.75,NORMAL,NORMAL,NORMAL
1638223829559,03:10:29 2021/11/30,21.22,51.61,953.43,510.38,NORMAL,NORMAL,NORMAL
1638223889567,03:11:29 2021/11/30,21.21,51.56,953.41,510.61,NORMAL,NORMAL,NORMAL
1638223949572,03:12:29 2021/11/30,21.21,51.45,953.35,511.11,NORMAL,NORMAL,NORMAL
1638224009579,03:13:29 2021/11/30,21.22,51.65,953.39,510.71,NORMAL,NORMAL,NORMAL
1638224069586,03:14:29 2021/11/30,21.21,51.56,953.36,511.03,NORMAL,NORMAL,NORMAL
1638224129595,03:15:29 2021/11/30,21.21,51.59,953.37,510.95,NORMAL,NORMAL,NORMAL
1638224189600,03:16:29 2021/11/30,21.21,51.58,953.37,510.87,NORMAL,NORMAL,NORMAL
1638224249608,03:17:29 2021/11/30,21.21,51.51,953.39,510.74,NORMAL,NORMAL,NORMAL
1638224309616,03:18:29 2021/11/30,21.21,51.65,953.41,510.57,NORMAL,NORMAL,NORMAL
1638224369621,03:19:29 2021/11/30,21.2,51.59,953.38,510.82,NORMAL,NORMAL,NORMAL
1638224429636,03:20:29 2021/11/30,21.2,51.59,953.41,510.59,NORMAL,NORMAL,NORMAL
1638224489665,03:21:29 2021/11/30,21.19,51.74,953.38,510.78,NORMAL,NORMAL,NORMAL
1638224549649,03:22:29 2021/11/30,21.2,51.71,953.36,510.98,NORMAL,NORMAL,NORMAL
1638224609651,03:23:29 2021/11/30,21.19,51.82,953.37,510.92,NORMAL,NORMAL,NORMAL
1638224669652,03:24:29 2021/11/30,21.19,51.68,953.36,511,NORMAL,NORMAL,NORMAL
1638224729672,03:25:29 2021/11/30,21.19,51.52,953.37,510.92,NORMAL,NORMAL,NORMAL
1638224789669,03:26:29 2021/11/30,21.19,51.59,953.35,511.05,NORMAL,NORMAL,NORMAL
1638224849673,03:27:29 2021/11/30,21.19,51.66,953.36,510.97,NORMAL,NORMAL,NORMAL
1638224909692,03:28:29 2021/11/30,21.18,51.57,953.34,511.16,NORMAL,NORMAL,NORMAL
1638224969704,03:29:29 2021/11/30,21.18,51.51,953.31,511.46,NORMAL,NORMAL,NORMAL
1638225029712,03:30:29 2021/11/30,21.19,51.57,953.35,511.13,NORMAL,NORMAL,NORMAL
1638225089700,03:31:29 2021/11/30,21.18,51.42,953.29,511.6,NORMAL,NORMAL,NORMAL
1638225149706,03:32:29 2021/11/30,21.19,51.78,953.26,511.86,NORMAL,NORMAL,NORMAL
1638225209611,03:33:29 2021/11/30,21.19,51.6,953.29,511.63,NORMAL,NORMAL,NORMAL
1638225269618,03:34:29 2021/11/30,21.19,51.61,953.23,512.14,NORMAL,NORMAL,NORMAL
1638225329625,03:35:29 2021/11/30,21.18,51.49,953.21,512.34,NORMAL,NORMAL,NORMAL
1638225389635,03:36:29 2021/11/30,21.18,51.56,953.19,512.48,NORMAL,NORMAL,NORMAL
1638225449640,03:37:29 2021/11/30,21.18,51.5,953.2,512.41,NORMAL,NORMAL,NORMAL
1638225509651,03:38:29 2021/11/30,21.18,51.64,953.17,512.68,NORMAL,NORMAL,NORMAL
1638225569651,03:39:29 2021/11/30,21.18,51.56,953.17,512.64,NORMAL,NORMAL,NORMAL
1638225629759,03:40:29 2021/11/30,21.18,51.68,953.16,512.75,NORMAL,NORMAL,NORMAL
1638225689768,03:41:29 2021/11/30,21.18,51.69,953.14,512.91,NORMAL,NORMAL,NORMAL
1638225749672,03:42:29 2021/11/30,21.18,51.59,953.15,512.82,NORMAL,NORMAL,NORMAL
1638225809678,03:43:29 2021/11/30,21.18,51.61,953.16,512.76,NORMAL,NORMAL,NORMAL
1638225869684,03:44:29 2021/11/30,21.17,51.61,953.15,512.84,NORMAL,NORMAL,NORMAL
1638225929691,03:45:29 2021/11/30,21.17,51.73,953.16,512.79,NORMAL,NORMAL,NORMAL
1638225989712,03:46:29 2021/11/30,21.17,51.69,953.14,512.96,NORMAL,NORMAL,NORMAL
1638226049708,03:47:29 2021/11/30,21.16,51.5,953.15,512.87,NORMAL,NORMAL,NORMAL
1638226109719,03:48:29 2021/11/30,21.17,51.69,953.15,512.85,NORMAL,NORMAL,NORMAL
1638226169720,03:49:29 2021/11/30,21.16,51.68,953.1,513.26,NORMAL,NORMAL,NORMAL
1638226229732,03:50:29 2021/11/30,21.17,51.64,953.14,512.91,NORMAL,NORMAL,NORMAL
1638226289755,03:51:29 2021/11/30,21.16,51.58,953.14,512.94,NORMAL,NORMAL,NORMAL
1638226349750,03:52:29 2021/11/30,21.16,51.74,953.15,512.84,NORMAL,NORMAL,NORMAL
1638226409746,03:53:29 2021/11/30,21.16,51.67,953.18,512.58,NORMAL,NORMAL,NORMAL
1638226469752,03:54:29 2021/11/30,21.15,51.74,953.17,512.63,NORMAL,NORMAL,NORMAL
1638226529762,03:55:29 2021/11/30,21.15,51.64,953.15,512.83,NORMAL,NORMAL,NORMAL
1638226589766,03:56:29 2021/11/30,21.15,51.58,953.18,512.58,NORMAL,NORMAL,NORMAL
1638226649775,03:57:29 2021/11/30,21.15,51.69,953.15,512.85,NORMAL,NORMAL,NORMAL
1638226709775,03:58:29 2021/11/30,21.14,51.66,953.16,512.77,NORMAL,NORMAL,NORMAL
1638226769782,03:59:29 2021/11/30,21.15,51.64,953.13,512.99,NORMAL,NORMAL,NORMAL
1638226829788,04:00:29 2021/11/30,21.14,51.58,953.11,513.16,NORMAL,NORMAL,NORMAL
1638226889795,04:01:29 2021/11/30,21.14,51.69,953.08,513.45,NORMAL,NORMAL,NORMAL
1638226949805,04:02:29 2021/11/30,21.14,51.69,953.12,513.14,NORMAL,NORMAL,NORMAL
1638227009807,04:03:29 2021/11/30,21.14,51.61,953.12,513.14,NORMAL,NORMAL,NORMAL
1638227069817,04:04:29 2021/11/30,21.14,51.63,953.09,513.39,NORMAL,NORMAL,NORMAL
1638227129826,04:05:29 2021/11/30,21.14,51.57,953.09,513.4,NORMAL,NORMAL,NORMAL
1638227189828,04:06:29 2021/11/30,21.14,51.74,953.13,512.98,NORMAL,NORMAL,NORMAL
1638227249834,04:07:29 2021/11/30,21.14,51.57,953.11,513.16,NORMAL,NORMAL,NORMAL
1638227309845,04:08:29 2021/11/30,21.13,51.54,953.1,513.28,NORMAL,NORMAL,NORMAL
1638227369860,04:09:29 2021/11/30,21.13,51.44,953.1,513.27,NORMAL,NORMAL,NORMAL
1638227429854,04:10:29 2021/11/30,21.13,51.64,953.12,513.06,NORMAL,NORMAL,NORMAL
1638227489860,04:11:29 2021/11/30,21.13,51.69,953.09,513.34,NORMAL,NORMAL,NORMAL
1638227549867,04:12:29 2021/11/30,21.13,51.56,953.11,513.16,NORMAL,NORMAL,NORMAL
1638227609886,04:13:29 2021/11/30,21.12,51.54,953.08,513.42,NORMAL,NORMAL,NORMAL
1638227669893,04:14:29 2021/11/30,21.12,51.66,953.06,513.63,NORMAL,NORMAL,NORMAL
1638227729888,04:15:29 2021/11/30,21.12,51.7,953.1,513.3,NORMAL,NORMAL,NORMAL
1638227789896,04:16:29 2021/11/30,21.12,51.7,953.09,513.39,NORMAL,NORMAL,NORMAL
1638227849901,04:17:29 2021/11/30,21.11,51.68,953.08,513.46,NORMAL,NORMAL,NORMAL
1638227909916,04:18:29 2021/11/30,21.11,51.57,953.07,513.51,NORMAL,NORMAL,NORMAL
1638227969914,04:19:29 2021/11/30,21.11,51.54,953.1,513.3,NORMAL,NORMAL,NORMAL
1638228029921,04:20:29 2021/11/30,21.11,51.44,953.11,513.18,NORMAL,NORMAL,NORMAL
1638228089928,04:21:29 2021/11/30,21.11,51.67,953.08,513.47,NORMAL,NORMAL,NORMAL
1638228149938,04:22:29 2021/11/30,21.11,51.66,953.1,513.25,NORMAL,NORMAL,NORMAL
1638228209943,04:23:29 2021/11/30,21.11,51.61,953.08,513.48,NORMAL,NORMAL,NORMAL
1638228269946,04:24:29 2021/11/30,21.11,51.57,953.04,513.79,NORMAL,NORMAL,NORMAL
1638228329955,04:25:29 2021/11/30,21.11,51.84,953.06,513.6,NORMAL,NORMAL,NORMAL
1638228389964,04:26:29 2021/11/30,21.11,51.64,953.06,513.63,NORMAL,NORMAL,NORMAL
1638228449970,04:27:29 2021/11/30,21.11,51.51,953.07,513.52,NORMAL,NORMAL,NORMAL
1638228509976,04:28:29 2021/11/30,21.11,51.58,953.06,513.63,NORMAL,NORMAL,NORMAL
1638228569982,04:29:29 2021/11/30,21.1,51.5,953.07,513.58,NORMAL,NORMAL,NORMAL
1638228629987,04:30:29 2021/11/30,21.1,51.75,953.06,513.61,NORMAL,NORMAL,NORMAL
1638228690006,04:31:30 2021/11/30,21.1,51.57,953.09,513.34,NORMAL,NORMAL,NORMAL
1638228750002,04:32:30 2021/11/30,21.09,51.66,953.12,513.09,NORMAL,NORMAL,NORMAL
1638228810017,04:33:30 2021/11/30,21.1,51.68,953.11,513.21,NORMAL,NORMAL,NORMAL
1638228870028,04:34:30 2021/11/30,21.1,51.44,953.12,513.07,NORMAL,NORMAL,NORMAL
1638228930021,04:35:30 2021/11/30,21.1,51.49,953.13,513.03,NORMAL,NORMAL,NORMAL
1638228990029,04:36:30 2021/11/30,21.09,51.67,953.08,513.44,NORMAL,NORMAL,NORMAL
1638229050033,04:37:30 2021/11/30,21.08,51.8,953.09,513.35,NORMAL,NORMAL,NORMAL
1638229110039,04:38:30 2021/11/30,21.08,51.57,953.07,513.53,NORMAL,NORMAL,NORMAL
1638229170047,04:39:30 2021/11/30,21.08,51.65,953.07,513.56,NORMAL,NORMAL,NORMAL
1638229230054,04:40:30 2021/11/30,21.08,51.58,953.07,513.54,NORMAL,NORMAL,NORMAL
1638229290061,04:41:30 2021/11/30,21.08,51.59,953.08,513.46,NORMAL,NORMAL,NORMAL
1638229350067,04:42:30 2021/11/30,21.08,51.69,953.05,513.7,NORMAL,NORMAL,NORMAL
1638229410077,04:43:30 2021/11/30,21.08,51.59,953.1,513.26,NORMAL,NORMAL,NORMAL
1638229470081,04:44:30 2021/11/30,21.08,51.61,953.09,513.37,NORMAL,NORMAL,NORMAL
1638229530086,04:45:30 2021/11/30,21.07,51.62,953.08,513.47,NORMAL,NORMAL,NORMAL
1638229590092,04:46:30 2021/11/30,21.07,51.8,953.07,513.51,NORMAL,NORMAL,NORMAL
1638229650105,04:47:30 2021/11/30,21.07,51.62,953.08,513.43,NORMAL,NORMAL,NORMAL
1638229710105,04:48:30 2021/11/30,21.07,51.81,953.07,513.54,NORMAL,NORMAL,NORMAL
1638229770115,04:49:30 2021/11/30,21.06,51.6,953.07,513.54,NORMAL,NORMAL,NORMAL
1638229830120,04:50:30 2021/11/30,21.07,51.54,953.05,513.72,NORMAL,NORMAL,NORMAL
1638229890129,04:51:30 2021/11/30,21.06,51.64,953.02,513.94,NORMAL,NORMAL,NORMAL
1638229959353,04:52:39 2021/11/30,21.06,51.73,953.03,513.93,NORMAL,NORMAL,NORMAL
1638230010142,04:53:30 2021/11/30,21.06,51.61,953,514.14,NORMAL,NORMAL,NORMAL
1638230070151,04:54:30 2021/11/30,21.06,51.66,953,514.17,NORMAL,NORMAL,NORMAL
1638230130062,04:55:30 2021/11/30,21.06,51.68,953,514.13,NORMAL,NORMAL,NORMAL
1638230196305,04:56:36 2021/11/30,21.06,51.63,953.01,514.07,NORMAL,NORMAL,NORMAL
1638230250063,04:57:30 2021/11/30,21.05,51.61,953.03,513.87,NORMAL,NORMAL,NORMAL
1638230310172,04:58:30 2021/11/30,21.05,51.53,953.01,514.08,NORMAL,NORMAL,NORMAL
1638230370178,04:59:30 2021/11/30,21.05,51.61,952.99,514.26,NORMAL,NORMAL,NORMAL
1638230430082,05:00:30 2021/11/30,21.05,51.6,953.02,513.94,NORMAL,NORMAL,NORMAL
1638230490090,05:01:30 2021/11/30,21.05,51.62,953.04,513.76,NORMAL,NORMAL,NORMAL
1638230550198,05:02:30 2021/11/30,21.04,51.63,953.03,513.85,NORMAL,NORMAL,NORMAL
1638230610206,05:03:30 2021/11/30,21.05,51.69,953.04,513.84,NORMAL,NORMAL,NORMAL
1638230670109,05:04:30 2021/11/30,21.04,51.57,953.05,513.69,NORMAL,NORMAL,NORMAL
1638230730117,05:05:30 2021/11/30,21.04,51.57,953.03,513.9,NORMAL,NORMAL,NORMAL
1638230790124,05:06:30 2021/11/30,21.04,51.57,953.03,513.87,NORMAL,NORMAL,NORMAL
1638230850134,05:07:30 2021/11/30,21.04,51.49,953.03,513.88,NORMAL,NORMAL,NORMAL
1638230910136,05:08:30 2021/11/30,21.04,51.62,953.04,513.83,NORMAL,NORMAL,NORMAL
1638230970142,05:09:30 2021/11/30,21.04,51.64,953.04,513.84,NORMAL,NORMAL,NORMAL
1638231030149,05:10:30 2021/11/30,21.03,51.73,953.01,514.03,NORMAL,NORMAL,NORMAL
1638231090156,05:11:30 2021/11/30,21.03,51.68,953.05,513.72,NORMAL,NORMAL,NORMAL
1638231150164,05:12:30 2021/11/30,21.03,51.66,953.04,513.78,NORMAL,NORMAL,NORMAL
1638231210170,05:13:30 2021/11/30,21.02,51.59,953.04,513.81,NORMAL,NORMAL,NORMAL
1638231270187,05:14:30 2021/11/30,21.02,51.47,953.08,513.49,NORMAL,NORMAL,NORMAL
1638231330187,05:15:30 2021/11/30,21.03,51.59,953.08,513.44,NORMAL,NORMAL,NORMAL
1638231390194,05:16:30 2021/11/30,21.01,51.72,953.04,513.79,NORMAL,NORMAL,NORMAL
1638231450208,05:17:30 2021/11/30,21.02,51.56,953.05,513.68,NORMAL,NORMAL,NORMAL
1638231510200,05:18:30 2021/11/30,21.02,51.7,953.09,513.34,NORMAL,NORMAL,NORMAL
1638231570208,05:19:30 2021/11/30,21.01,51.47,953.09,513.4,NORMAL,NORMAL,NORMAL
1638231630213,05:20:30 2021/11/30,21.02,51.66,953.11,513.16,NORMAL,NORMAL,NORMAL
1638231690220,05:21:30 2021/11/30,21.02,51.61,953.14,512.96,NORMAL,NORMAL,NORMAL
1638231750227,05:22:30 2021/11/30,21.01,51.54,953.16,512.74,NORMAL,NORMAL,NORMAL
1638231810233,05:23:30 2021/11/30,21.01,51.49,953.16,512.78,NORMAL,NORMAL,NORMAL
1638231870342,05:24:30 2021/11/30,21.01,51.65,953.14,512.91,NORMAL,NORMAL,NORMAL
1638231930247,05:25:30 2021/11/30,21.01,51.62,953.18,512.54,NORMAL,NORMAL,NORMAL
1638231990253,05:26:30 2021/11/30,21,51.47,953.22,512.19,NORMAL,NORMAL,NORMAL
1638232050265,05:27:30 2021/11/30,21,51.73,953.18,512.62,NORMAL,NORMAL,NORMAL
1638232110267,05:28:30 2021/11/30,21,51.57,953.21,512.28,NORMAL,NORMAL,NORMAL
1638232170273,05:29:30 2021/11/30,21,51.66,953.25,512,NORMAL,NORMAL,NORMAL
1638232230283,05:30:30 2021/11/30,20.99,51.55,953.27,511.77,NORMAL,NORMAL,NORMAL
1638232290286,05:31:30 2021/11/30,20.99,51.61,953.29,511.58,NORMAL,NORMAL,NORMAL
1638232350293,05:32:30 2021/11/30,20.99,51.53,953.32,511.32,NORMAL,NORMAL,NORMAL
1638232410299,05:33:30 2021/11/30,20.98,51.51,953.28,511.68,NORMAL,NORMAL,NORMAL
1638232470306,05:34:30 2021/11/30,20.99,51.68,953.31,511.42,NORMAL,NORMAL,NORMAL
1638232530313,05:35:30 2021/11/30,20.99,51.67,953.31,511.46,NORMAL,NORMAL,NORMAL
1638232590327,05:36:30 2021/11/30,20.99,51.5,953.32,511.33,NORMAL,NORMAL,NORMAL
1638232650333,05:37:30 2021/11/30,20.98,51.56,953.33,511.26,NORMAL,NORMAL,NORMAL
1638232710343,05:38:30 2021/11/30,20.98,51.69,953.36,510.98,NORMAL,NORMAL,NORMAL
1638232770339,05:39:30 2021/11/30,20.98,51.52,953.34,511.2,NORMAL,NORMAL,NORMAL
1638232830345,05:40:30 2021/11/30,20.98,51.67,953.33,511.24,NORMAL,NORMAL,NORMAL
1638232890353,05:41:30 2021/11/30,20.98,51.58,953.28,511.7,NORMAL,NORMAL,NORMAL
1638232950359,05:42:30 2021/11/30,20.97,51.6,953.26,511.92,NORMAL,NORMAL,NORMAL
1638233010366,05:43:30 2021/11/30,20.98,51.61,953.27,511.78,NORMAL,NORMAL,NORMAL
1638233070372,05:44:30 2021/11/30,20.98,51.5,953.27,511.8,NORMAL,NORMAL,NORMAL
1638233130380,05:45:30 2021/11/30,20.97,51.59,953.26,511.83,NORMAL,NORMAL,NORMAL
1638233190424,05:46:30 2021/11/30,20.97,51.64,953.27,511.78,NORMAL,NORMAL,NORMAL
1638233250392,05:47:30 2021/11/30,20.97,51.63,953.25,511.96,NORMAL,NORMAL,NORMAL
1638233310399,05:48:30 2021/11/30,20.97,51.52,953.29,511.64,NORMAL,NORMAL,NORMAL
1638233370406,05:49:30 2021/11/30,20.97,51.65,953.29,511.63,NORMAL,NORMAL,NORMAL
1638233430412,05:50:30 2021/11/30,20.97,51.67,953.28,511.69,NORMAL,NORMAL,NORMAL
1638233490419,05:51:30 2021/11/30,20.97,51.7,953.29,511.58,NORMAL,NORMAL,NORMAL
1638233550426,05:52:30 2021/11/30,20.96,51.63,953.25,511.92,NORMAL,NORMAL,NORMAL
1638233610433,05:53:30 2021/11/30,20.97,51.61,953.26,511.88,NORMAL,NORMAL,NORMAL
1638233670440,05:54:30 2021/11/30,20.96,51.58,953.26,511.9,NORMAL,NORMAL,NORMAL
1638233730450,05:55:30 2021/11/30,20.96,51.66,953.27,511.83,NORMAL,NORMAL,NORMAL
1638233790453,05:56:30 2021/11/30,20.96,51.51,953.29,511.65,NORMAL,NORMAL,NORMAL
1638233850459,05:57:30 2021/11/30,20.95,51.58,953.27,511.78,NORMAL,NORMAL,NORMAL
1638233910466,05:58:30 2021/11/30,20.95,51.57,953.28,511.67,NORMAL,NORMAL,NORMAL
1638233970481,05:59:30 2021/11/30,20.95,51.51,953.29,511.58,NORMAL,NORMAL,NORMAL
1638234030581,06:00:30 2021/11/30,20.95,51.66,953.26,511.89,NORMAL,NORMAL,NORMAL
1638234090490,06:01:30 2021/11/30,20.96,51.6,953.31,511.45,NORMAL,NORMAL,NORMAL
1638234150501,06:02:30 2021/11/30,20.95,51.47,953.29,511.66,NORMAL,NORMAL,NORMAL
1638234210501,06:03:30 2021/11/30,20.94,51.52,953.26,511.89,NORMAL,NORMAL,NORMAL
1638234270506,06:04:30 2021/11/30,20.94,51.49,953.33,511.3,NORMAL,NORMAL,NORMAL
1638234330512,06:05:30 2021/11/30,20.93,51.57,953.26,511.91,NORMAL,NORMAL,NORMAL
1638234390520,06:06:30 2021/11/30,20.94,51.52,953.29,511.65,NORMAL,NORMAL,NORMAL
1638234450527,06:07:30 2021/11/30,20.94,51.53,953.29,511.57,NORMAL,NORMAL,NORMAL
1638234510536,06:08:30 2021/11/30,20.93,51.68,953.31,511.44,NORMAL,NORMAL,NORMAL
1638234570541,06:09:30 2021/11/30,20.93,51.52,953.31,511.43,NORMAL,NORMAL,NORMAL
1638234630545,06:10:30 2021/11/30,20.93,51.54,953.33,511.29,NORMAL,NORMAL,NORMAL
1638234690552,06:11:30 2021/11/30,20.93,51.59,953.35,511.05,NORMAL,NORMAL,NORMAL
1638234750558,06:12:30 2021/11/30,20.93,51.58,953.34,511.15,NORMAL,NORMAL,NORMAL
1638234810568,06:13:30 2021/11/30,20.93,51.57,953.37,510.94,NORMAL,NORMAL,NORMAL
1638234870573,06:14:30 2021/11/30,20.92,51.58,953.35,511.13,NORMAL,NORMAL,NORMAL
1638234930580,06:15:30 2021/11/30,20.92,51.56,953.33,511.28,NORMAL,NORMAL,NORMAL
1638234990593,06:16:30 2021/11/30,20.93,51.65,953.32,511.38,NORMAL,NORMAL,NORMAL
1638235050594,06:17:30 2021/11/30,20.91,51.5,953.31,511.4,NORMAL,NORMAL,NORMAL
1638235110599,06:18:30 2021/11/30,20.92,51.61,953.34,511.18,NORMAL,NORMAL,NORMAL
1638235170615,06:19:30 2021/11/30,20.92,51.63,953.36,511,NORMAL,NORMAL,NORMAL
1638235230623,06:20:30 2021/11/30,20.91,51.43,953.31,511.42,NORMAL,NORMAL,NORMAL
1638235290626,06:21:30 2021/11/30,20.91,51.58,953.35,511.07,NORMAL,NORMAL,NORMAL
1638235350629,06:22:30 2021/11/30,20.91,51.67,953.33,511.25,NORMAL,NORMAL,NORMAL
1638235410634,06:23:30 2021/11/30,20.91,51.54,953.32,511.36,NORMAL,NORMAL,NORMAL
1638235470639,06:24:30 2021/11/30,20.91,51.58,953.33,511.24,NORMAL,NORMAL,NORMAL
1638235530647,06:25:30 2021/11/30,20.91,51.8,953.35,511.08,NORMAL,NORMAL,NORMAL
1638235590653,06:26:30 2021/11/30,20.9,51.66,953.34,511.16,NORMAL,NORMAL,NORMAL
1638235650660,06:27:30 2021/11/30,20.9,51.57,953.37,510.95,NORMAL,NORMAL,NORMAL
1638235710670,06:28:30 2021/11/30,20.9,51.58,953.39,510.76,NORMAL,NORMAL,NORMAL
1638235770675,06:29:30 2021/11/30,20.9,51.55,953.38,510.79,NORMAL,NORMAL,NORMAL
1638235830682,06:30:30 2021/11/30,20.89,51.61,953.4,510.69,NORMAL,NORMAL,NORMAL
1638235890688,06:31:30 2021/11/30,20.89,51.54,953.41,510.55,NORMAL,NORMAL,NORMAL
1638235950694,06:32:30 2021/11/30,20.89,51.74,953.38,510.86,NORMAL,NORMAL,NORMAL
1638236010700,06:33:30 2021/11/30,20.89,51.64,953.45,510.19,NORMAL,NORMAL,NORMAL
1638236070707,06:34:30 2021/11/30,20.89,51.7,953.45,510.2,NORMAL,NORMAL,NORMAL
1638236130713,06:35:30 2021/11/30,20.89,51.55,953.47,510.02,NORMAL,NORMAL,NORMAL
1638236190522,06:36:30 2021/11/30,20.89,51.64,953.47,510.05,NORMAL,NORMAL,NORMAL
1638236250728,06:37:30 2021/11/30,20.89,51.7,953.45,510.2,NORMAL,NORMAL,NORMAL
1638236310739,06:38:30 2021/11/30,20.88,51.57,953.43,510.39,NORMAL,NORMAL,NORMAL
1638236370742,06:39:30 2021/11/30,20.89,51.5,953.46,510.14,NORMAL,NORMAL,NORMAL
1638236430747,06:40:30 2021/11/30,20.88,51.58,953.45,510.18,NORMAL,NORMAL,NORMAL
1638236490764,06:41:30 2021/11/30,20.88,51.64,953.48,509.96,NORMAL,NORMAL,NORMAL
1638236550758,06:42:30 2021/11/30,20.88,51.61,953.48,509.96,NORMAL,NORMAL,NORMAL
1638236610765,06:43:30 2021/11/30,20.88,51.61,953.48,509.95,NORMAL,NORMAL,NORMAL
1638236670771,06:44:30 2021/11/30,20.87,51.59,953.56,509.22,NORMAL,NORMAL,NORMAL
1638236730783,06:45:30 2021/11/30,20.87,51.62,953.52,509.57,NORMAL,NORMAL,NORMAL
1638236790784,06:46:30 2021/11/30,20.87,51.71,953.54,509.46,NORMAL,NORMAL,NORMAL
1638236850794,06:47:30 2021/11/30,20.87,51.55,953.53,509.51,NORMAL,NORMAL,NORMAL
1638236910797,06:48:30 2021/11/30,20.87,51.63,953.58,509.09,NORMAL,NORMAL,NORMAL
1638236970803,06:49:30 2021/11/30,20.86,51.54,953.59,508.95,NORMAL,NORMAL,NORMAL
1638237030814,06:50:30 2021/11/30,20.86,51.77,953.56,509.25,NORMAL,NORMAL,NORMAL
1638237090816,06:51:30 2021/11/30,20.86,51.6,953.59,509,NORMAL,NORMAL,NORMAL
1638237150823,06:52:30 2021/11/30,20.87,51.61,953.65,508.44,NORMAL,NORMAL,NORMAL
1638237210829,06:53:30 2021/11/30,20.86,51.42,953.64,508.57,NORMAL,NORMAL,NORMAL
1638237270836,06:54:30 2021/11/30,20.86,51.57,953.67,508.31,NORMAL,NORMAL,NORMAL
1638237330843,06:55:30 2021/11/30,20.86,51.5,953.71,507.93,NORMAL,NORMAL,NORMAL
1638237390850,06:56:30 2021/11/30,20.85,51.38,953.72,507.83,NORMAL,NORMAL,NORMAL
1638237450856,06:57:30 2021/11/30,20.85,51.69,953.74,507.66,NORMAL,NORMAL,NORMAL
1638237510863,06:58:30 2021/11/30,20.85,51.47,953.8,507.37,NORMAL,NORMAL,NORMAL
1638237570869,06:59:30 2021/11/30,20.84,51.43,953.78,507.3,NORMAL,NORMAL,NORMAL
1638237630876,07:00:30 2021/11/30,20.85,51.59,953.81,507.05,NORMAL,NORMAL,NORMAL
1638237690882,07:01:30 2021/11/30,20.85,51.47,953.87,506.56,NORMAL,NORMAL,NORMAL
1638237750897,07:02:30 2021/11/30,20.85,51.57,953.9,506.28,NORMAL,NORMAL,NORMAL
1638237810904,07:03:30 2021/11/30,20.84,51.59,953.89,506.36,NORMAL,NORMAL,NORMAL
1638237870902,07:04:30 2021/11/30,20.84,51.53,953.88,506.48,NORMAL,NORMAL,NORMAL
1638237930909,07:05:30 2021/11/30,20.84,51.6,953.9,506.29,NORMAL,NORMAL,NORMAL
1638237990915,07:06:30 2021/11/30,20.83,51.63,953.93,506.04,NORMAL,NORMAL,NORMAL
1638238050933,07:07:30 2021/11/30,20.83,51.6,953.92,506.14,NORMAL,NORMAL,NORMAL
1638238110945,07:08:30 2021/11/30,20.84,51.63,953.93,506.04,NORMAL,NORMAL,NORMAL
1638238170934,07:09:30 2021/11/30,20.83,51.69,953.97,505.65,NORMAL,NORMAL,NORMAL
1638238230941,07:10:30 2021/11/30,20.83,51.52,953.96,505.79,NORMAL,NORMAL,NORMAL
1638238290948,07:11:30 2021/11/30,20.83,51.62,954,505.43,NORMAL,NORMAL,NORMAL
1638238350955,07:12:30 2021/11/30,20.83,51.6,954,505.43,NORMAL,NORMAL,NORMAL
1638238410963,07:13:30 2021/11/30,20.83,51.65,954.03,505.18,NORMAL,NORMAL,NORMAL
1638238470968,07:14:30 2021/11/30,20.82,51.72,954.06,504.92,NORMAL,NORMAL,NORMAL
1638238530974,07:15:30 2021/11/30,20.83,51.55,954.08,504.73,NORMAL,NORMAL,NORMAL
1638238590983,07:16:30 2021/11/30,20.82,51.53,954.07,504.83,NORMAL,NORMAL,NORMAL
1638238650987,07:17:30 2021/11/30,20.82,51.66,954.02,505.21,NORMAL,NORMAL,NORMAL
1638238710996,07:18:30 2021/11/30,20.82,51.61,954.04,505.09,NORMAL,NORMAL,NORMAL
1638238771001,07:19:31 2021/11/30,20.82,51.79,954.04,505.02,NORMAL,NORMAL,NORMAL
1638238831009,07:20:31 2021/11/30,20.82,51.75,954.07,504.77,NORMAL,NORMAL,NORMAL
1638238891023,07:21:31 2021/11/30,20.82,51.62,954.06,504.86,NORMAL,NORMAL,NORMAL
1638238951021,07:22:31 2021/11/30,20.82,51.63,954.08,504.73,NORMAL,NORMAL,NORMAL
1638239011029,07:23:31 2021/11/30,20.82,51.5,954.1,504.54,NORMAL,NORMAL,NORMAL
1638239071034,07:24:31 2021/11/30,20.82,51.75,954.11,504.46,NORMAL,NORMAL,NORMAL
1638239131041,07:25:31 2021/11/30,20.81,51.52,954.13,504.27,NORMAL,NORMAL,NORMAL
1638239190950,07:26:30 2021/11/30,20.82,51.6,954.15,504.12,NORMAL,NORMAL,NORMAL
1638239251056,07:27:31 2021/11/30,20.81,51.63,954.18,503.8,NORMAL,NORMAL,NORMAL
1638239311068,07:28:31 2021/11/30,20.81,51.56,954.18,503.86,NORMAL,NORMAL,NORMAL
1638239371092,07:29:31 2021/11/30,20.81,51.61,954.16,504,NORMAL,NORMAL,NORMAL
1638239431079,07:30:31 2021/11/30,20.8,51.51,954.12,504.39,NORMAL,NORMAL,NORMAL
1638239491081,07:31:31 2021/11/30,20.81,51.38,954.15,504.05,NORMAL,NORMAL,NORMAL
1638239551087,07:32:31 2021/11/30,20.81,51.71,954.11,504.46,NORMAL,NORMAL,NORMAL
1638239611094,07:33:31 2021/11/30,20.81,51.73,954.16,504.02,NORMAL,NORMAL,NORMAL
1638239671100,07:34:31 2021/11/30,20.82,51.55,954.12,504.37,NORMAL,NORMAL,NORMAL
1638239731107,07:35:31 2021/11/30,20.82,51.54,954.12,504.33,NORMAL,NORMAL,NORMAL
1638239791114,07:36:31 2021/11/30,20.83,51.59,954.16,503.99,NORMAL,NORMAL,NORMAL
1638239851120,07:37:31 2021/11/30,20.83,51.61,954.2,503.69,NORMAL,NORMAL,NORMAL
1638239911126,07:38:31 2021/11/30,20.83,51.74,954.2,503.66,NORMAL,NORMAL,NORMAL
1638239971031,07:39:31 2021/11/30,20.85,51.79,954.21,503.53,NORMAL,NORMAL,NORMAL
1638240031144,07:40:31 2021/11/30,20.85,51.73,954.23,503.38,NORMAL,NORMAL,NORMAL
1638240091148,07:41:31 2021/11/30,20.83,51.65,954.19,503.77,NORMAL,NORMAL,NORMAL
1638240151051,07:42:31 2021/11/30,20.85,51.68,954.25,503.24,NORMAL,NORMAL,NORMAL
1638240211058,07:43:31 2021/11/30,20.87,51.6,954.24,503.29,NORMAL,NORMAL,NORMAL
1638240271065,07:44:31 2021/11/30,20.86,51.61,954.26,503.13,NORMAL,NORMAL,NORMAL
1638240331077,07:45:31 2021/11/30,20.86,51.62,954.25,503.26,NORMAL,NORMAL,NORMAL
1638240390986,07:46:30 2021/11/30,20.87,51.65,954.25,503.26,NORMAL,NORMAL,NORMAL
1638240451085,07:47:31 2021/11/30,20.88,51.59,954.27,503.05,NORMAL,NORMAL,NORMAL
1638240511092,07:48:31 2021/11/30,20.88,51.49,954.27,503.02,NORMAL,NORMAL,NORMAL
1638240571108,07:49:31 2021/11/30,20.89,51.48,954.29,502.9,NORMAL,NORMAL,NORMAL
1638240631121,07:50:31 2021/11/30,20.89,51.42,954.26,503.16,NORMAL,NORMAL,NORMAL
1638240691118,07:51:31 2021/11/30,20.91,51.55,954.27,503.08,NORMAL,NORMAL,NORMAL
1638240751117,07:52:31 2021/11/30,20.91,51.48,954.28,502.99,NORMAL,NORMAL,NORMAL
1638240811124,07:53:31 2021/11/30,20.93,51.48,954.26,503.14,NORMAL,NORMAL,NORMAL
1638240871132,07:54:31 2021/11/30,20.92,51.46,954.26,503.09,NORMAL,NORMAL,NORMAL
1638240931139,07:55:31 2021/11/30,20.92,51.33,954.24,503.3,NORMAL,NORMAL,NORMAL
1638240991146,07:56:31 2021/11/30,20.97,51.35,954.31,502.7,NORMAL,NORMAL,NORMAL
1638241051151,07:57:31 2021/11/30,20.97,51.2,954.27,503.04,NORMAL,NORMAL,NORMAL
1638241111158,07:58:31 2021/11/30,20.97,51.26,954.32,502.58,NORMAL,NORMAL,NORMAL
1638241171166,07:59:31 2021/11/30,20.98,51.23,954.32,502.62,NORMAL,NORMAL,NORMAL
1638241231189,08:00:31 2021/11/30,20.99,51.21,954.32,502.58,NORMAL,NORMAL,NORMAL
1638241292620,08:01:32 2021/11/30,21.01,51.26,954.36,502.25,NORMAL,NORMAL,NORMAL
1638241351186,08:02:31 2021/11/30,21.04,51.18,954.35,502.37,NORMAL,NORMAL,NORMAL
1638241411193,08:03:31 2021/11/30,21.04,51.2,954.36,502.24,NORMAL,NORMAL,NORMAL
1638241471198,08:04:31 2021/11/30,21.06,51.18,954.41,501.81,NORMAL,NORMAL,NORMAL
1638241531206,08:05:31 2021/11/30,21.06,51.21,954.4,501.87,NORMAL,NORMAL,NORMAL
1638241591212,08:06:31 2021/11/30,21.06,51.07,954.37,502.17,NORMAL,NORMAL,NORMAL
1638241651223,08:07:31 2021/11/30,21.06,51.08,954.39,502.02,NORMAL,NORMAL,NORMAL
1638241711226,08:08:31 2021/11/30,21.1,51.07,954.44,501.57,NORMAL,NORMAL,NORMAL
1638241771236,08:09:31 2021/11/30,21.11,51.03,954.47,501.3,NORMAL,NORMAL,NORMAL
1638241831249,08:10:31 2021/11/30,21.11,51.06,954.46,501.39,NORMAL,NORMAL,NORMAL
1638241891254,08:11:31 2021/11/30,21.11,50.98,954.47,501.3,NORMAL,NORMAL,NORMAL
1638241951249,08:12:31 2021/11/30,21.1,51.03,954.48,501.21,NORMAL,NORMAL,NORMAL
1638242011268,08:13:31 2021/11/30,21.13,50.87,954.51,500.96,NORMAL,NORMAL,NORMAL
1638242071261,08:14:31 2021/11/30,21.15,50.81,954.52,500.83,NORMAL,NORMAL,NORMAL
1638242131267,08:15:31 2021/11/30,21.17,50.87,954.51,500.93,NORMAL,NORMAL,NORMAL
1638242191072,08:16:31 2021/11/30,21.17,51.03,954.53,500.77,NORMAL,NORMAL,NORMAL
1638242251078,08:17:31 2021/11/30,21.19,50.92,954.53,500.79,NORMAL,NORMAL,NORMAL
1638242311085,08:18:31 2021/11/30,21.21,50.75,954.59,500.29,NORMAL,NORMAL,NORMAL
1638242371093,08:19:31 2021/11/30,21.22,50.76,954.6,500.16,NORMAL,NORMAL,NORMAL
1638242431108,08:20:31 2021/11/30,21.23,50.75,954.61,500.11,NORMAL,NORMAL,NORMAL
1638242491105,08:21:31 2021/11/30,21.25,50.81,954.65,499.72,NORMAL,NORMAL,NORMAL
1638242551113,08:22:31 2021/11/30,21.25,50.78,954.61,500.07,NORMAL,NORMAL,NORMAL
1638242611118,08:23:31 2021/11/30,21.27,50.78,954.62,499.95,NORMAL,NORMAL,NORMAL
1638242671124,08:24:31 2021/11/30,21.28,50.66,954.61,500.1,NORMAL,NORMAL,NORMAL
1638242731132,08:25:31 2021/11/30,21.3,50.63,954.62,500.02,NORMAL,NORMAL,NORMAL
1638242791138,08:26:31 2021/11/30,21.3,50.56,954.6,500.32,NORMAL,NORMAL,NORMAL
1638242851143,08:27:31 2021/11/30,21.32,50.47,954.58,500.38,NORMAL,NORMAL,NORMAL
1638242911150,08:28:31 2021/11/30,21.34,50.54,954.56,500.48,NORMAL,NORMAL,NORMAL
1638242971168,08:29:31 2021/11/30,21.33,50.49,954.56,500.49,NORMAL,NORMAL,NORMAL
1638243031163,08:30:31 2021/11/30,21.36,50.53,954.56,500.5,NORMAL,NORMAL,NORMAL
1638243091173,08:31:31 2021/11/30,21.36,50.41,954.59,500.24,NORMAL,NORMAL,NORMAL
1638243151202,08:32:31 2021/11/30,21.36,50.46,954.57,500.43,NORMAL,NORMAL,NORMAL
1638243211183,08:33:31 2021/11/30,21.37,50.25,954.57,500.42,NORMAL,NORMAL,NORMAL
1638243271190,08:34:31 2021/11/30,21.39,50.38,954.62,500.01,NORMAL,NORMAL,NORMAL
1638243331197,08:35:31 2021/11/30,21.4,50.39,954.64,499.84,NORMAL,NORMAL,NORMAL
1638243391219,08:36:31 2021/11/30,21.4,50.45,954.63,499.94,NORMAL,NORMAL,NORMAL
1638243451210,08:37:31 2021/11/30,21.39,50.29,954.6,500.16,NORMAL,NORMAL,NORMAL
1638243511217,08:38:31 2021/11/30,21.42,50.15,954.61,500.11,NORMAL,NORMAL,NORMAL
1638243571224,08:39:31 2021/11/30,21.44,50.2,954.59,500.29,NORMAL,NORMAL,NORMAL
1638243631231,08:40:31 2021/11/30,21.45,50.28,954.61,500.07,NORMAL,NORMAL,NORMAL
1638243691238,08:41:31 2021/11/30,21.42,50.13,954.55,500.62,NORMAL,NORMAL,NORMAL
1638243751247,08:42:31 2021/11/30,21.45,50.22,954.59,500.28,NORMAL,NORMAL,NORMAL
1638243811251,08:43:31 2021/11/30,21.46,50.22,954.61,500.05,NORMAL,NORMAL,NORMAL
1638243871258,08:44:31 2021/11/30,21.48,50.15,954.62,500.02,NORMAL,NORMAL,NORMAL
1638243931263,08:45:31 2021/11/30,21.51,50.09,954.63,499.86,NORMAL,NORMAL,NORMAL
1638243991280,08:46:31 2021/11/30,21.51,50.13,954.68,499.8,NORMAL,NORMAL,NORMAL
1638244051386,08:47:31 2021/11/30,21.54,50.15,954.66,499.62,NORMAL,NORMAL,NORMAL
1638244111296,08:48:31 2021/11/30,21.54,49.99,954.67,499.58,NORMAL,NORMAL,NORMAL
1638244171396,08:49:31 2021/11/30,21.54,49.68,954.68,499.48,NORMAL,NORMAL,NORMAL
1638244231402,08:50:31 2021/11/30,21.58,50,954.7,499.3,NORMAL,NORMAL,NORMAL
1638244291411,08:51:31 2021/11/30,21.6,50.09,954.74,499.09,NORMAL,NORMAL,NORMAL
1638244351413,08:52:31 2021/11/30,21.59,49.86,954.74,498.92,NORMAL,NORMAL,NORMAL
1638244411426,08:53:31 2021/11/30,21.58,49.86,954.79,498.46,NORMAL,NORMAL,NORMAL
1638244471427,08:54:31 2021/11/30,21.6,49.93,954.78,498.55,NORMAL,NORMAL,NORMAL
1638244531434,08:55:31 2021/11/30,21.63,49.72,954.79,498.48,NORMAL,NORMAL,NORMAL
1638244591443,08:56:31 2021/11/30,21.67,49.73,954.82,498.25,NORMAL,NORMAL,NORMAL
1638244651445,08:57:31 2021/11/30,21.66,49.87,954.82,498.22,NORMAL,NORMAL,NORMAL
1638244711482,08:58:31 2021/11/30,21.68,49.8,954.8,498.37,NORMAL,NORMAL,NORMAL
1638244771458,08:59:31 2021/11/30,21.71,49.85,954.8,498.38,NORMAL,NORMAL,NORMAL
1638244831467,09:00:31 2021/11/30,21.7,49.67,954.85,497.96,NORMAL,NORMAL,NORMAL
1638244891484,09:01:31 2021/11/30,21.73,49.61,954.84,498.04,NORMAL,NORMAL,NORMAL
1638244951478,09:02:31 2021/11/30,21.76,49.7,954.86,497.93,NORMAL,NORMAL,NORMAL
1638245011491,09:03:31 2021/11/30,21.77,49.8,954.87,497.84,NORMAL,NORMAL,NORMAL
1638245071508,09:04:31 2021/11/30,21.78,49.52,954.89,497.6,NORMAL,NORMAL,NORMAL
1638245131504,09:05:31 2021/11/30,21.81,49.52,954.91,497.48,NORMAL,NORMAL,NORMAL
1638245191503,09:06:31 2021/11/30,21.81,49.43,954.94,497.18,NORMAL,NORMAL,NORMAL
1638245251516,09:07:31 2021/11/30,21.84,49.44,954.94,497.17,NORMAL,NORMAL,NORMAL
1638245311527,09:08:31 2021/11/30,21.86,49.34,954.94,497.18,NORMAL,NORMAL,NORMAL
1638245371524,09:09:31 2021/11/30,21.86,49.23,954.96,497.04,NORMAL,NORMAL,NORMAL
1638245431535,09:10:31 2021/11/30,21.89,49.37,954.95,497.08,NORMAL,NORMAL,NORMAL
1638245491548,09:11:31 2021/11/30,21.9,49.32,954.95,497.11,NORMAL,NORMAL,NORMAL
1638245551544,09:12:31 2021/11/30,21.9,49.14,954.95,497.11,NORMAL,NORMAL,NORMAL
1638245611551,09:13:31 2021/11/30,21.92,49.32,954.96,497.03,NORMAL,NORMAL,NORMAL
1638245671567,09:14:31 2021/11/30,21.96,49.27,954.89,497.56,NORMAL,NORMAL,NORMAL
1638245731566,09:15:31 2021/11/30,21.95,49.07,954.93,497.29,NORMAL,NORMAL,NORMAL
1638245791574,09:16:31 2021/11/30,21.97,49.17,954.91,497.46,NORMAL,NORMAL,NORMAL
1638245851598,09:17:31 2021/11/30,22,49.03,954.91,497.49,NORMAL,NORMAL,NORMAL
1638245911584,09:18:31 2021/11/30,22.01,48.85,954.89,497.66,NORMAL,NORMAL,NORMAL
1638245971596,09:19:31 2021/11/30,22.02,49.13,954.9,497.54,NORMAL,NORMAL,NORMAL
1638246031597,09:20:31 2021/11/30,22.04,49.07,954.88,497.73,NORMAL,NORMAL,NORMAL
1638246091604,09:21:31 2021/11/30,22.05,49,954.91,497.49,NORMAL,NORMAL,NORMAL
1638246151611,09:22:31 2021/11/30,22.06,48.98,954.94,497.23,NORMAL,NORMAL,NORMAL
1638246211617,09:23:31 2021/11/30,22.08,48.86,954.9,497.56,NORMAL,NORMAL,NORMAL
1638246271521,09:24:31 2021/11/30,22.06,48.98,954.91,497.41,NORMAL,NORMAL,NORMAL
1638246331528,09:25:31 2021/11/30,22.1,48.8,954.92,497.34,NORMAL,NORMAL,NORMAL
1638246391537,09:26:31 2021/11/30,22.1,48.74,954.96,497.04,NORMAL,NORMAL,NORMAL
1638246451544,09:27:31 2021/11/30,22.11,48.63,954.94,497.22,NORMAL,NORMAL,NORMAL
1638246511449,09:28:31 2021/11/30,22.1,48.73,954.94,497.2,NORMAL,NORMAL,NORMAL
1638246571554,09:29:31 2021/11/30,22.12,48.71,954.98,496.86,NORMAL,NORMAL,NORMAL
1638246631561,09:30:31 2021/11/30,22.13,48.52,954.98,496.81,NORMAL,NORMAL,NORMAL
1638246691567,09:31:31 2021/11/30,22.12,48.65,954.95,497.13,NORMAL,NORMAL,NORMAL
1638246751576,09:32:31 2021/11/30,22.15,48.62,954.98,496.88,NORMAL,NORMAL,NORMAL
1638246811582,09:33:31 2021/11/30,22.16,48.42,954.98,496.84,NORMAL,NORMAL,NORMAL
1638246871497,09:34:31 2021/11/30,22.15,48.79,954.97,496.94,NORMAL,NORMAL,NORMAL
1638246931632,09:35:31 2021/11/30,22.16,48.66,954.97,496.9,NORMAL,NORMAL,NORMAL
1638246991611,09:36:31 2021/11/30,22.2,48.66,954.98,496.83,NORMAL,NORMAL,NORMAL
1638247051617,09:37:31 2021/11/30,22.19,48.6,954.98,496.81,NORMAL,NORMAL,NORMAL
1638247111614,09:38:31 2021/11/30,22.18,48.62,954.94,497.19,NORMAL,NORMAL,NORMAL
1638247171620,09:39:31 2021/11/30,22.19,48.56,954.98,496.8,NORMAL,NORMAL,NORMAL
1638247231634,09:40:31 2021/11/30,22.23,48.64,954.99,496.74,NORMAL,NORMAL,NORMAL
1638247291645,09:41:31 2021/11/30,22.18,48.58,954.93,497.25,NORMAL,NORMAL,NORMAL
1638247351643,09:42:31 2021/11/30,22.18,48.35,954.92,497.33,NORMAL,NORMAL,NORMAL
1638247411648,09:43:31 2021/11/30,22.22,48.67,954.94,497.2,NORMAL,NORMAL,NORMAL
1638247471652,09:44:31 2021/11/30,22.22,48.48,954.96,496.98,NORMAL,NORMAL,NORMAL
1638247531660,09:45:31 2021/11/30,22.17,48.42,954.91,497.48,NORMAL,NORMAL,NORMAL
1638247591668,09:46:31 2021/11/30,22.23,48.44,954.95,497.15,NORMAL,NORMAL,NORMAL
1638247651676,09:47:31 2021/11/30,22.22,48.39,954.93,497.26,NORMAL,NORMAL,NORMAL
1638247711680,09:48:31 2021/11/30,22.23,48.54,954.94,497.15,NORMAL,NORMAL,NORMAL
1638247771687,09:49:31 2021/11/30,22.24,48.5,954.93,497.27,NORMAL,NORMAL,NORMAL
1638247831798,09:50:31 2021/11/30,22.23,48.29,954.97,496.93,NORMAL,NORMAL,NORMAL
1638247891707,09:51:31 2021/11/30,22.28,48.32,954.95,497.12,NORMAL,NORMAL,NORMAL
1638247951708,09:52:31 2021/11/30,22.28,48.58,954.96,497.06,NORMAL,NORMAL,NORMAL
1638248011823,09:53:31 2021/11/30,22.29,48.48,954.92,497.35,NORMAL,NORMAL,NORMAL
1638248071824,09:54:31 2021/11/30,22.31,48.37,954.99,496.79,NORMAL,NORMAL,NORMAL
1638248131832,09:55:31 2021/11/30,22.33,48.41,954.96,497.05,NORMAL,NORMAL,NORMAL
1638248191837,09:56:31 2021/11/30,22.33,48.3,954.99,496.77,NORMAL,NORMAL,NORMAL
1638248251846,09:57:31 2021/11/30,22.33,48.18,954.96,497.02,NORMAL,NORMAL,NORMAL
1638248311852,09:58:31 2021/11/30,22.3,48.37,954.96,497.04,NORMAL,NORMAL,NORMAL
1638248371865,09:59:31 2021/11/30,22.33,48.32,954.99,496.92,NORMAL,NORMAL,NORMAL
1638248431870,10:00:31 2021/11/30,22.34,48.18,954.98,496.87,NORMAL,NORMAL,NORMAL
1638248491871,10:01:31 2021/11/30,22.34,48.23,954.96,497.02,NORMAL,NORMAL,NORMAL
1638248551882,10:02:31 2021/11/30,22.34,48.36,955.01,496.59,NORMAL,NORMAL,NORMAL
1638248611889,10:03:31 2021/11/30,22.34,48.33,955,496.66,NORMAL,NORMAL,NORMAL
1638248671889,10:04:31 2021/11/30,22.35,48.27,955.01,496.56,NORMAL,NORMAL,NORMAL
1638248731898,10:05:31 2021/11/30,22.37,48.09,955.01,496.56,NORMAL,NORMAL,NORMAL
1638248791906,10:06:31 2021/11/30,22.35,48.13,955.03,496.38,NORMAL,NORMAL,NORMAL
1638248851912,10:07:31 2021/11/30,22.37,48.08,955.06,496.12,NORMAL,NORMAL,NORMAL
1638248911916,10:08:31 2021/11/30,22.4,48.24,955.08,495.95,NORMAL,NORMAL,NORMAL
1638248971925,10:09:31 2021/11/30,22.41,48,955.12,495.62,NORMAL,NORMAL,NORMAL
1638249031929,10:10:31 2021/11/30,22.42,48.08,955.11,495.73,NORMAL,NORMAL,NORMAL
1638249091935,10:11:31 2021/11/30,22.44,47.78,955.12,495.61,NORMAL,NORMAL,NORMAL
1638249151942,10:12:31 2021/11/30,22.43,47.98,955.15,495.37,NORMAL,NORMAL,NORMAL
1638249211949,10:13:31 2021/11/30,22.42,48.22,955.11,495.68,NORMAL,NORMAL,NORMAL
1638249271957,10:14:31 2021/11/30,22.41,47.77,955.12,495.6,NORMAL,NORMAL,NORMAL
1638249331971,10:15:31 2021/11/30,22.4,48.1,955.12,495.62,NORMAL,NORMAL,NORMAL
1638249391969,10:16:31 2021/11/30,22.42,48.06,955.11,495.73,NORMAL,NORMAL,NORMAL
1638249451973,10:17:31 2021/11/30,22.42,47.97,955.09,495.91,NORMAL,NORMAL,NORMAL
1638249511985,10:18:31 2021/11/30,22.44,47.99,955.1,495.78,NORMAL,NORMAL,NORMAL
1638249571992,10:19:31 2021/11/30,22.46,47.88,955.07,496.03,NORMAL,NORMAL,NORMAL
1638249632001,10:20:32 2021/11/30,22.46,47.92,955.09,495.85,NORMAL,NORMAL,NORMAL
1638249692013,10:21:32 2021/11/30,22.46,47.93,955.11,495.75,NORMAL,NORMAL,NORMAL
1638249752012,10:22:32 2021/11/30,22.47,47.97,955.09,495.78,NORMAL,NORMAL,NORMAL
1638249812024,10:23:32 2021/11/30,22.49,48.04,955.1,495.81,NORMAL,NORMAL,NORMAL
1638249872034,10:24:32 2021/11/30,22.44,47.86,955.09,495.84,NORMAL,NORMAL,NORMAL
1638249932036,10:25:32 2021/11/30,22.46,48.18,955.04,496.31,NORMAL,NORMAL,NORMAL
1638249992034,10:26:32 2021/11/30,22.47,47.97,955.05,496.24,NORMAL,NORMAL,NORMAL
1638250052041,10:27:32 2021/11/30,22.47,48.12,955.04,496.35,NORMAL,NORMAL,NORMAL
1638250112527,10:28:32 2021/11/30,22.47,48.03,955.07,496.07,NORMAL,NORMAL,NORMAL
1638250172056,10:29:32 2021/11/30,22.48,47.85,955.04,496.28,NORMAL,NORMAL,NORMAL
1638250232066,10:30:32 2021/11/30,22.48,47.96,955,496.69,NORMAL,NORMAL,NORMAL
1638250292070,10:31:32 2021/11/30,22.49,47.8,955.02,496.52,NORMAL,NORMAL,NORMAL
1638250352076,10:32:32 2021/11/30,22.49,47.75,955.01,496.57,NORMAL,NORMAL,NORMAL
1638250412083,10:33:32 2021/11/30,22.46,47.93,955.01,496.6,NORMAL,NORMAL,NORMAL
1638250472086,10:34:32 2021/11/30,22.46,48.1,954.98,496.81,NORMAL,NORMAL,NORMAL
1638250531991,10:35:31 2021/11/30,22.48,47.79,954.96,497.04,NORMAL,NORMAL,NORMAL
1638250591999,10:36:31 2021/11/30,22.48,47.93,954.96,497,NORMAL,NORMAL,NORMAL
1638250652005,10:37:32 2021/11/30,22.5,47.86,954.94,497.2,NORMAL,NORMAL,NORMAL
1638250712014,10:38:32 2021/11/30,22.48,47.8,954.87,497.84,NORMAL,NORMAL,NORMAL
1638250772017,10:39:32 2021/11/30,22.5,48.05,954.83,498.15,NORMAL,NORMAL,NORMAL
1638250832024,10:40:32 2021/11/30,22.5,47.82,954.84,498.09,NORMAL,NORMAL,NORMAL
1638250892033,10:41:32 2021/11/30,22.5,47.85,954.78,498.56,NORMAL,NORMAL,NORMAL
1638250952041,10:42:32 2021/11/30,22.51,47.96,954.77,498.67,NORMAL,NORMAL,NORMAL
1638251012043,10:43:32 2021/11/30,22.52,47.76,954.68,499.42,NORMAL,NORMAL,NORMAL
1638251072075,10:44:32 2021/11/30,22.51,48.05,954.73,499.06,NORMAL,NORMAL,NORMAL
1638251132059,10:45:32 2021/11/30,22.52,48.01,954.67,499.57,NORMAL,NORMAL,NORMAL
1638251192181,10:46:32 2021/11/30,22.52,47.96,954.61,500.05,NORMAL,NORMAL,NORMAL
1638251252078,10:47:32 2021/11/30,22.52,47.96,954.6,500.15,NORMAL,NORMAL,NORMAL
1638251312223,10:48:32 2021/11/30,22.51,47.93,954.6,500.16,NORMAL,NORMAL,NORMAL
1638251372087,10:49:32 2021/11/30,22.53,47.87,954.61,500.07,NORMAL,NORMAL,NORMAL
1638251432090,10:50:32 2021/11/30,22.52,47.94,954.57,500.41,NORMAL,NORMAL,NORMAL
1638251492096,10:51:32 2021/11/30,22.53,47.86,954.54,500.65,NORMAL,NORMAL,NORMAL
1638251552102,10:52:32 2021/11/30,22.54,47.96,954.56,500.52,NORMAL,NORMAL,NORMAL
1638251612114,10:53:32 2021/11/30,22.54,47.95,954.56,500.55,NORMAL,NORMAL,NORMAL
1638251672117,10:54:32 2021/11/30,22.55,47.74,954.55,500.62,NORMAL,NORMAL,NORMAL
1638251732121,10:55:32 2021/11/30,22.55,47.87,954.54,500.71,NORMAL,NORMAL,NORMAL
1638251792131,10:56:32 2021/11/30,22.56,47.88,954.56,500.5,NORMAL,NORMAL,NORMAL
1638251852136,10:57:32 2021/11/30,22.57,47.84,954.54,500.78,NORMAL,NORMAL,NORMAL
1638251912150,10:58:32 2021/11/30,22.58,47.93,954.54,500.71,NORMAL,NORMAL,NORMAL
1638251972153,10:59:32 2021/11/30,22.57,47.93,954.51,500.98,NORMAL,NORMAL,NORMAL
1638252032158,11:00:32 2021/11/30,22.57,47.77,954.46,501.42,NORMAL,NORMAL,NORMAL
1638252092163,11:01:32 2021/11/30,22.56,47.9,954.47,501.32,NORMAL,NORMAL,NORMAL
1638252152168,11:02:32 2021/11/30,22.58,47.77,954.46,501.34,NORMAL,NORMAL,NORMAL
1638252212183,11:03:32 2021/11/30,22.58,47.98,954.43,501.62,NORMAL,NORMAL,NORMAL
1638252272192,11:04:32 2021/11/30,22.59,47.79,954.41,501.81,NORMAL,NORMAL,NORMAL
